ID;PARAMNAME;PARAMID;UNIT;VALUE;ADRESSBEGINNING;PLACE;PLC;OPCPATH;PLACENAME
1;"ПНА №036.1. Аварийная максимальная температура нефти на выходе из насоса";"TT557";"с";"10";"10";"10005";"1";"UST.Protect.NA1.T001";"АГРЕГАТНЫЕ ЗАЩИТЫ ПНА №036.1"
2;"ПНА №036.1. Недостоверность измерений температуры корпуса насоса";"прог";"с";"10";"10";"10005";"1";"UST.Protect.NA1.T002";"АГРЕГАТНЫЕ ЗАЩИТЫ ПНА №036.1"
3;"ПНА №036.1. Аварийная максимальная температура опорно-упорного подшипника насоса (точка 1)";"TT558_1";"с";"10";"10";"10005";"1";"UST.Protect.NA1.T003";"АГРЕГАТНЫЕ ЗАЩИТЫ ПНА №036.1"
4;"ПНА №036.1. Аварийная максимальная температура опорно-упорного подшипника насоса (точка 2)";"TT558_2";"с";"10";"10";"10005";"1";"UST.Protect.NA1.T004";"АГРЕГАТНЫЕ ЗАЩИТЫ ПНА №036.1"
5;"ПНА №036.1. Аварийная максимальная температура нижнего подшипника ЭД";"TT553";"с";"10";"10";"10005";"1";"UST.Protect.NA1.T005";"АГРЕГАТНЫЕ ЗАЩИТЫ ПНА №036.1"
6;"ПНА №036.1. Аварийная максимальная температура верхнего подшипника ЭД (точка 1)";"TT554_1";"с";"10";"10";"10005";"1";"UST.Protect.NA1.T006";"АГРЕГАТНЫЕ ЗАЩИТЫ ПНА №036.1"
7;"ПНА №036.1. Аварийная максимальная температура верхнего подшипника ЭД (точка 2)";"TT554_2";"с";"10";"10";"10005";"1";"UST.Protect.NA1.T007";"АГРЕГАТНЫЕ ЗАЩИТЫ ПНА №036.1"
8;"ПНА №036.1. Недостоверность измерений температуры опорно-упорного подшипника насоса (точка 1)";"TT558_1";"с";"10";"10";"10005";"1";"UST.Protect.NA1.T008";"АГРЕГАТНЫЕ ЗАЩИТЫ ПНА №036.1"
9;"ПНА №036.1. Недостоверность измерений температуры опорно-упорного подшипника насоса (точка 2)";"TT558_2";"с";"10";"10";"10005";"1";"UST.Protect.NA1.T009";"АГРЕГАТНЫЕ ЗАЩИТЫ ПНА №036.1"
10;"ПНА №036.1. Недостоверность измерений температуры нижнего подшипника ЭД";"TT553";"с";"10";"10";"10005";"1";"UST.Protect.NA1.T010";"АГРЕГАТНЫЕ ЗАЩИТЫ ПНА №036.1"
11;"ПНА №036.1. Недостоверность измерений температуры верхнего подшипника ЭД (точка 1)";"TT554_1";"с";"10";"10";"10005";"1";"UST.Protect.NA1.T011";"АГРЕГАТНЫЕ ЗАЩИТЫ ПНА №036.1"
12;"ПНА №036.1. Недостоверность измерений температуры верхнего подшипника ЭД (точка 2)";"TT554_2";"с";"10";"10";"10005";"1";"UST.Protect.NA1.T012";"АГРЕГАТНЫЕ ЗАЩИТЫ ПНА №036.1"
13;"ПНА №036.1. Aварийные утечки через торцевое уплотнение насоса";"LC5514";"с";"10";"10";"10005";"1";"UST.Protect.NA1.T013";"АГРЕГАТНЫЕ ЗАЩИТЫ ПНА №036.1"
14;"ПНА №036.1. Аварийная максимальная вибрация опорно-упорного подшипника насоса в нестац. режиме (горизонтальная) ";"XT555";"с";"50";"10";"10005";"1";"UST.Protect.NA1.T014";"АГРЕГАТНЫЕ ЗАЩИТЫ ПНА №036.1"
15;"ПНА №036.1. Аварийная максимальная вибрация опорно-упорного подшипника насоса в нестац. режиме (поперечная) ";"XT556";"с";"50";"10";"10005";"1";"UST.Protect.NA1.T015";"АГРЕГАТНЫЕ ЗАЩИТЫ ПНА №036.1"
16;"ПНА №036.1. Аварийная максимальная вибрация опорно-упорного подшипника насоса в стац. режиме (горизонтальная) . Порог 1";"XT555";"с";"50";"10";"10005";"1";"UST.Protect.NA1.T016";"АГРЕГАТНЫЕ ЗАЩИТЫ ПНА №036.1"
17;"ПНА №036.1. Аварийная максимальная вибрация опорно-упорного подшипника насоса в стац. режиме (поперечная) . Порог 1";"XT556";"с";"50";"10";"10005";"1";"UST.Protect.NA1.T017";"АГРЕГАТНЫЕ ЗАЩИТЫ ПНА №036.1"
18;"ПНА №036.1. Аварийная максимальная вибрация опорно-упорного подшипника насоса (горизонтальная) . Порог 2";"XT555";"с";"20";"10";"10005";"1";"UST.Protect.NA1.T018";"АГРЕГАТНЫЕ ЗАЩИТЫ ПНА №036.1"
19;"ПНА №036.1. Аварийная максимальная вибрация опорно-упорного подшипника насоса (поперечная) . Порог 2";"XT556";"с";"20";"10";"10005";"1";"UST.Protect.NA1.T019";"АГРЕГАТНЫЕ ЗАЩИТЫ ПНА №036.1"
20;"ПНА №036.1. Недостоверность измерений вибрации в группе преобразователей (насос)";"прог";"с";"20";"10";"10005";"1";"UST.Protect.NA1.T020";"АГРЕГАТНЫЕ ЗАЩИТЫ ПНА №036.1"
21;"ПНА №036.1. Аварийное минимальное давление на выходе работающего ПНА ";"прог";"с";"150";"10";"10005";"1";"UST.Protect.NA1.T021";"АГРЕГАТНЫЕ ЗАЩИТЫ ПНА №036.1"
22;"ПНА №036.1. Закрытие агрегатных задвижек работающего агрегата";"прог";"с";"600";"10";"10005";"1";"UST.Protect.NA1.T022";"АГРЕГАТНЫЕ ЗАЩИТЫ ПНА №036.1"
23;"ПНА №036.1. Невыполнение программы пуска агрегата ПНА";"прог";"с";"00";"10";"10005";"1";"UST.Protect.NA1.T023";"АГРЕГАТНЫЕ ЗАЩИТЫ ПНА №036.1"
24;"ПНА №036.1. Невыполнение команды остановки ПНА";"прог";"с";"700";"10";"10005";"1";"UST.Protect.NA1.T024";"АГРЕГАТНЫЕ ЗАЩИТЫ ПНА №036.1"
25;"ПНА №036.1. Невыполнение команды отключения НВ ПНА";"прог";"с";"30";"10";"10005";"1";"UST.Protect.NA1.T025";"АГРЕГАТНЫЕ ЗАЩИТЫ ПНА №036.1"
26;"ПНА №036.1. Неисправность цепей отключения НВ ПНА (в т.ч. отсутствие питания цепей управления)";"прог";"с";"600";"10";"10005";"1";"UST.Protect.NA1.T026";"АГРЕГАТНЫЕ ЗАЩИТЫ ПНА №036.1"
27;"ПНА №036.1. Несанкционированное отключение ПНА";"прог";"с";"30";"10";"10005";"1";"UST.Protect.NA1.T027";"АГРЕГАТНЫЕ ЗАЩИТЫ ПНА №036.1"
28;"ПНА №036.1. Несанкционированное включение ПНА";"прог";"с";"00";"10";"10005";"1";"UST.Protect.NA1.T028";"АГРЕГАТНЫЕ ЗАЩИТЫ ПНА №036.1"
29;"ПНА №036.1. Неисправность цепей контроля ПНА";"прог";"с";"00";"10";"10005";"1";"UST.Protect.NA1.T029";"АГРЕГАТНЫЕ ЗАЩИТЫ ПНА №036.1"
30;"ПНА №036.1. Аварийное отключение агрегата ПНА кнопкой Стоп по месту";"прог";"с";"00";"10";"10005";"1";"UST.Protect.NA1.T030";"АГРЕГАТНЫЕ ЗАЩИТЫ ПНА №036.1"
31;"ПНА №036.1. Аварийное отключение агрегата ПНА кнопкой Стоп с БРУ";"прог";"с";"00";"10";"10005";"1";"UST.Protect.NA1.T031";"АГРЕГАТНЫЕ ЗАЩИТЫ ПНА №036.1"
32;"ПНА №036.1. Авария ЧРП";"прог";"с";"00";"10";"10005";"1";"UST.Protect.NA1.T032";"АГРЕГАТНЫЕ ЗАЩИТЫ ПНА №036.1"
33;"ПНА №036.1. Невыполнение ЧРП включенного ПНА команд регулирования";"прог";"с";"00";"10";"10005";"1";"UST.Protect.NA1.T033";"АГРЕГАТНЫЕ ЗАЩИТЫ ПНА №036.1"
34;"ПНА №036.2. Аварийная максимальная температура нефти на выходе из насоса";"TT567";"с";"10";"10";"10006";"1";"UST.Protect.NA2.T001";"АГРЕГАТНЫЕ ЗАЩИТЫ ПНА №036.2"
35;"ПНА №036.2. Недостоверность измерений температуры корпуса насоса";"прог";"с";"10";"10";"10006";"1";"UST.Protect.NA2.T002";"АГРЕГАТНЫЕ ЗАЩИТЫ ПНА №036.2"
36;"ПНА №036.2. Аварийная максимальная температура опорно-упорного подшипника насоса (точка 1)";"TT568_1";"с";"10";"10";"10006";"1";"UST.Protect.NA2.T003";"АГРЕГАТНЫЕ ЗАЩИТЫ ПНА №036.2"
37;"ПНА №036.2. Аварийная максимальная температура опорно-упорного подшипника насоса (точка 2)";"TT568_2";"с";"10";"10";"10006";"1";"UST.Protect.NA2.T004";"АГРЕГАТНЫЕ ЗАЩИТЫ ПНА №036.2"
38;"ПНА №036.2. Аварийная максимальная температура нижнего подшипника ЭД";"TT563";"с";"10";"10";"10006";"1";"UST.Protect.NA2.T005";"АГРЕГАТНЫЕ ЗАЩИТЫ ПНА №036.2"
39;"ПНА №036.2. Аварийная максимальная температура верхнего подшипника ЭД (точка 1)";"TT564_1";"с";"10";"10";"10006";"1";"UST.Protect.NA2.T006";"АГРЕГАТНЫЕ ЗАЩИТЫ ПНА №036.2"
40;"ПНА №036.2. Аварийная максимальная температура верхнего подшипника ЭД (точка 2)";"TT564_2";"с";"10";"10";"10006";"1";"UST.Protect.NA2.T007";"АГРЕГАТНЫЕ ЗАЩИТЫ ПНА №036.2"
41;"ПНА №036.2. Недостоверность измерений температуры опорно-упорного подшипника насоса (точка 1)";"TT568_1";"с";"10";"10";"10006";"1";"UST.Protect.NA2.T008";"АГРЕГАТНЫЕ ЗАЩИТЫ ПНА №036.2"
42;"ПНА №036.2. Недостоверность измерений температуры опорно-упорного подшипника насоса (точка 2)";"TT568_2";"с";"10";"10";"10006";"1";"UST.Protect.NA2.T009";"АГРЕГАТНЫЕ ЗАЩИТЫ ПНА №036.2"
43;"ПНА №036.2. Недостоверность измерений температуры нижнего подшипника ЭД";"TT563";"с";"10";"10";"10006";"1";"UST.Protect.NA2.T010";"АГРЕГАТНЫЕ ЗАЩИТЫ ПНА №036.2"
44;"ПНА №036.2. Недостоверность измерений температуры верхнего подшипника ЭД (точка 1)";"TT564_1";"с";"10";"10";"10006";"1";"UST.Protect.NA2.T011";"АГРЕГАТНЫЕ ЗАЩИТЫ ПНА №036.2"
45;"ПНА №036.2. Недостоверность измерений температуры верхнего подшипника ЭД (точка 2)";"TT564_2";"с";"10";"10";"10006";"1";"UST.Protect.NA2.T012";"АГРЕГАТНЫЕ ЗАЩИТЫ ПНА №036.2"
46;"ПНА №036.2. Aварийные утечки через торцевое уплотнение насоса";"LC5624";"с";"10";"10";"10006";"1";"UST.Protect.NA2.T013";"АГРЕГАТНЫЕ ЗАЩИТЫ ПНА №036.2"
47;"ПНА №036.2. Аварийная максимальная вибрация опорно-упорного подшипника насоса в нестац. режиме (горизонтальная) ";"XT565";"с";"50";"10";"10006";"1";"UST.Protect.NA2.T014";"АГРЕГАТНЫЕ ЗАЩИТЫ ПНА №036.2"
48;"ПНА №036.2. Аварийная максимальная вибрация опорно-упорного подшипника насоса в нестац. режиме (поперечная) ";"XT566";"с";"50";"10";"10006";"1";"UST.Protect.NA2.T015";"АГРЕГАТНЫЕ ЗАЩИТЫ ПНА №036.2"
49;"ПНА №036.2. Аварийная максимальная вибрация опорно-упорного подшипника насоса в стац. режиме (горизонтальная) . Порог 1";"XT565";"с";"50";"10";"10006";"1";"UST.Protect.NA2.T016";"АГРЕГАТНЫЕ ЗАЩИТЫ ПНА №036.2"
50;"ПНА №036.2. Аварийная максимальная вибрация опорно-упорного подшипника насоса в стац. режиме (поперечная) . Порог 1";"XT566";"с";"50";"10";"10006";"1";"UST.Protect.NA2.T017";"АГРЕГАТНЫЕ ЗАЩИТЫ ПНА №036.2"
51;"ПНА №036.2. Аварийная максимальная вибрация опорно-упорного подшипника насоса (горизонтальная) . Порог 2";"XT565";"с";"20";"10";"10006";"1";"UST.Protect.NA2.T018";"АГРЕГАТНЫЕ ЗАЩИТЫ ПНА №036.2"
52;"ПНА №036.2. Аварийная максимальная вибрация опорно-упорного подшипника насоса (поперечная) . Порог 2";"XT566";"с";"20";"10";"10006";"1";"UST.Protect.NA2.T019";"АГРЕГАТНЫЕ ЗАЩИТЫ ПНА №036.2"
53;"ПНА №036.2. Недостоверность измерений вибрации в группе преобразователей (насос)";"прог";"с";"20";"10";"10006";"1";"UST.Protect.NA2.T020";"АГРЕГАТНЫЕ ЗАЩИТЫ ПНА №036.2"
54;"ПНА №036.2. Аварийное минимальное давление на выходе работающего ПНА ";"прог";"с";"150";"10";"10006";"1";"UST.Protect.NA2.T021";"АГРЕГАТНЫЕ ЗАЩИТЫ ПНА №036.2"
55;"ПНА №036.2. Закрытие агрегатных задвижек работающего агрегата";"прог";"с";"600";"10";"10006";"1";"UST.Protect.NA2.T022";"АГРЕГАТНЫЕ ЗАЩИТЫ ПНА №036.2"
56;"ПНА №036.2. Невыполнение программы пуска агрегата ПНА";"прог";"с";"00";"10";"10006";"1";"UST.Protect.NA2.T023";"АГРЕГАТНЫЕ ЗАЩИТЫ ПНА №036.2"
57;"ПНА №036.2. Невыполнение команды остановки ПНА";"прог";"с";"700";"10";"10006";"1";"UST.Protect.NA2.T024";"АГРЕГАТНЫЕ ЗАЩИТЫ ПНА №036.2"
58;"ПНА №036.2. Невыполнение команды отключения НВ ПНА";"прог";"с";"30";"10";"10006";"1";"UST.Protect.NA2.T025";"АГРЕГАТНЫЕ ЗАЩИТЫ ПНА №036.2"
59;"ПНА №036.2. Неисправность цепей отключения НВ ПНА (в т.ч. отсутствие питания цепей управления)";"прог";"с";"600";"10";"10006";"1";"UST.Protect.NA2.T026";"АГРЕГАТНЫЕ ЗАЩИТЫ ПНА №036.2"
60;"ПНА №036.2. Несанкционированное отключение ПНА";"прог";"с";"30";"10";"10006";"1";"UST.Protect.NA2.T027";"АГРЕГАТНЫЕ ЗАЩИТЫ ПНА №036.2"
61;"ПНА №036.2. Несанкционированное включение ПНА";"прог";"с";"00";"10";"10006";"1";"UST.Protect.NA2.T028";"АГРЕГАТНЫЕ ЗАЩИТЫ ПНА №036.2"
62;"ПНА №036.2. Неисправность цепей контроля ПНА";"прог";"с";"00";"10";"10006";"1";"UST.Protect.NA2.T029";"АГРЕГАТНЫЕ ЗАЩИТЫ ПНА №036.2"
63;"ПНА №036.2. Аварийное отключение агрегата ПНА кнопкой Стоп по месту";"прог";"с";"00";"10";"10006";"1";"UST.Protect.NA2.T030";"АГРЕГАТНЫЕ ЗАЩИТЫ ПНА №036.2"
64;"ПНА №036.2. Аварийное отключение агрегата ПНА кнопкой Стоп с БРУ";"прог";"с";"00";"10";"10006";"1";"UST.Protect.NA2.T031";"АГРЕГАТНЫЕ ЗАЩИТЫ ПНА №036.2"
65;"ПНА №036.2. Авария ЧРП";"прог";"с";"00";"10";"10006";"1";"UST.Protect.NA2.T032";"АГРЕГАТНЫЕ ЗАЩИТЫ ПНА №036.2"
66;"ПНА №036.2. Невыполнение ЧРП включенного ПНА команд регулирования";"прог";"с";"00";"10";"10006";"1";"UST.Protect.NA2.T033";"АГРЕГАТНЫЕ ЗАЩИТЫ ПНА №036.2"
67;"ПНА №036.3. Аварийная максимальная температура нефти на выходе из насоса";"TT577";"с";"10";"10";"10007";"1";"UST.Protect.NA3.T001";"АГРЕГАТНЫЕ ЗАЩИТЫ ПНА №036.3"
68;"ПНА №036.3. Недостоверность измерений температуры корпуса насоса";"прог";"с";"10";"10";"10007";"1";"UST.Protect.NA3.T002";"АГРЕГАТНЫЕ ЗАЩИТЫ ПНА №036.3"
69;"ПНА №036.3. Аварийная максимальная температура опорно-упорного подшипника насоса (точка 1)";"TT578_1";"с";"10";"10";"10007";"1";"UST.Protect.NA3.T003";"АГРЕГАТНЫЕ ЗАЩИТЫ ПНА №036.3"
70;"ПНА №036.3. Аварийная максимальная температура опорно-упорного подшипника насоса (точка 2)";"TT578_2";"с";"10";"10";"10007";"1";"UST.Protect.NA3.T004";"АГРЕГАТНЫЕ ЗАЩИТЫ ПНА №036.3"
71;"ПНА №036.3. Аварийная максимальная температура нижнего подшипника ЭД";"TT573";"с";"10";"10";"10007";"1";"UST.Protect.NA3.T005";"АГРЕГАТНЫЕ ЗАЩИТЫ ПНА №036.3"
72;"ПНА №036.3. Аварийная максимальная температура верхнего подшипника ЭД (точка 1)";"TT574_1";"с";"10";"10";"10007";"1";"UST.Protect.NA3.T006";"АГРЕГАТНЫЕ ЗАЩИТЫ ПНА №036.3"
73;"ПНА №036.3. Аварийная максимальная температура верхнего подшипника ЭД (точка 2)";"TT574_2";"с";"10";"10";"10007";"1";"UST.Protect.NA3.T007";"АГРЕГАТНЫЕ ЗАЩИТЫ ПНА №036.3"
74;"ПНА №036.3. Недостоверность измерений температуры опорно-упорного подшипника насоса (точка 1)";"TT578_1";"с";"10";"10";"10007";"1";"UST.Protect.NA3.T008";"АГРЕГАТНЫЕ ЗАЩИТЫ ПНА №036.3"
75;"ПНА №036.3. Недостоверность измерений температуры опорно-упорного подшипника насоса (точка 2)";"TT578_2";"с";"10";"10";"10007";"1";"UST.Protect.NA3.T009";"АГРЕГАТНЫЕ ЗАЩИТЫ ПНА №036.3"
76;"ПНА №036.3. Недостоверность измерений температуры нижнего подшипника ЭД";"TT573";"с";"10";"10";"10007";"1";"UST.Protect.NA3.T010";"АГРЕГАТНЫЕ ЗАЩИТЫ ПНА №036.3"
77;"ПНА №036.3. Недостоверность измерений температуры верхнего подшипника ЭД (точка 1)";"TT574_1";"с";"10";"10";"10007";"1";"UST.Protect.NA3.T011";"АГРЕГАТНЫЕ ЗАЩИТЫ ПНА №036.3"
78;"ПНА №036.3. Недостоверность измерений температуры верхнего подшипника ЭД (точка 2)";"TT574_2";"с";"10";"10";"10007";"1";"UST.Protect.NA3.T012";"АГРЕГАТНЫЕ ЗАЩИТЫ ПНА №036.3"
79;"ПНА №036.3. Aварийные утечки через торцевое уплотнение насоса";"LC5534";"с";"10";"10";"10007";"1";"UST.Protect.NA3.T013";"АГРЕГАТНЫЕ ЗАЩИТЫ ПНА №036.3"
80;"ПНА №036.3. Аварийная максимальная вибрация опорно-упорного подшипника насоса в нестац. режиме (горизонтальная) ";"XT575";"с";"50";"10";"10007";"1";"UST.Protect.NA3.T014";"АГРЕГАТНЫЕ ЗАЩИТЫ ПНА №036.3"
81;"ПНА №036.3. Аварийная максимальная вибрация опорно-упорного подшипника насоса в нестац. режиме (поперечная) ";"XT576";"с";"50";"10";"10007";"1";"UST.Protect.NA3.T015";"АГРЕГАТНЫЕ ЗАЩИТЫ ПНА №036.3"
82;"ПНА №036.3. Аварийная максимальная вибрация опорно-упорного подшипника насоса в стац. режиме (горизонтальная) . Порог 1";"XT575";"с";"50";"10";"10007";"1";"UST.Protect.NA3.T016";"АГРЕГАТНЫЕ ЗАЩИТЫ ПНА №036.3"
83;"ПНА №036.3. Аварийная максимальная вибрация опорно-упорного подшипника насоса в стац. режиме (поперечная) . Порог 1";"XT576";"с";"50";"10";"10007";"1";"UST.Protect.NA3.T017";"АГРЕГАТНЫЕ ЗАЩИТЫ ПНА №036.3"
84;"ПНА №036.3. Аварийная максимальная вибрация опорно-упорного подшипника насоса (горизонтальная) . Порог 2";"XT575";"с";"20";"10";"10007";"1";"UST.Protect.NA3.T018";"АГРЕГАТНЫЕ ЗАЩИТЫ ПНА №036.3"
85;"ПНА №036.3. Аварийная максимальная вибрация опорно-упорного подшипника насоса (поперечная) . Порог 2";"XT576";"с";"20";"10";"10007";"1";"UST.Protect.NA3.T019";"АГРЕГАТНЫЕ ЗАЩИТЫ ПНА №036.3"
86;"ПНА №036.3. Недостоверность измерений вибрации в группе преобразователей (насос)";"прог";"с";"20";"10";"10007";"1";"UST.Protect.NA3.T020";"АГРЕГАТНЫЕ ЗАЩИТЫ ПНА №036.3"
87;"ПНА №036.3. Аварийное минимальное давление на выходе работающего ПНА ";"прог";"с";"150";"10";"10007";"1";"UST.Protect.NA3.T021";"АГРЕГАТНЫЕ ЗАЩИТЫ ПНА №036.3"
88;"ПНА №036.3. Закрытие агрегатных задвижек работающего агрегата";"прог";"с";"600";"10";"10007";"1";"UST.Protect.NA3.T022";"АГРЕГАТНЫЕ ЗАЩИТЫ ПНА №036.3"
89;"ПНА №036.3. Невыполнение программы пуска агрегата ПНА";"прог";"с";"00";"10";"10007";"1";"UST.Protect.NA3.T023";"АГРЕГАТНЫЕ ЗАЩИТЫ ПНА №036.3"
90;"ПНА №036.3. Невыполнение команды остановки ПНА";"прог";"с";"700";"10";"10007";"1";"UST.Protect.NA3.T024";"АГРЕГАТНЫЕ ЗАЩИТЫ ПНА №036.3"
91;"ПНА №036.3. Невыполнение команды отключения НВ ПНА";"прог";"с";"30";"10";"10007";"1";"UST.Protect.NA3.T025";"АГРЕГАТНЫЕ ЗАЩИТЫ ПНА №036.3"
92;"ПНА №036.3. Неисправность цепей отключения НВ ПНА (в т.ч. отсутствие питания цепей управления)";"прог";"с";"600";"10";"10007";"1";"UST.Protect.NA3.T026";"АГРЕГАТНЫЕ ЗАЩИТЫ ПНА №036.3"
93;"ПНА №036.3. Несанкционированное отключение ПНА";"прог";"с";"30";"10";"10007";"1";"UST.Protect.NA3.T027";"АГРЕГАТНЫЕ ЗАЩИТЫ ПНА №036.3"
94;"ПНА №036.3. Несанкционированное включение ПНА";"прог";"с";"00";"10";"10007";"1";"UST.Protect.NA3.T028";"АГРЕГАТНЫЕ ЗАЩИТЫ ПНА №036.3"
95;"ПНА №036.3. Неисправность цепей контроля ПНА";"прог";"с";"00";"10";"10007";"1";"UST.Protect.NA3.T029";"АГРЕГАТНЫЕ ЗАЩИТЫ ПНА №036.3"
96;"ПНА №036.3. Аварийное отключение агрегата ПНА кнопкой Стоп по месту";"прог";"с";"00";"10";"10007";"1";"UST.Protect.NA3.T030";"АГРЕГАТНЫЕ ЗАЩИТЫ ПНА №036.3"
97;"ПНА №036.3. Аварийное отключение агрегата ПНА кнопкой Стоп с БРУ";"прог";"с";"00";"10";"10007";"1";"UST.Protect.NA3.T031";"АГРЕГАТНЫЕ ЗАЩИТЫ ПНА №036.3"
98;"ПНА №036.3. Авария ЧРП";"прог";"с";"00";"10";"10007";"1";"UST.Protect.NA3.T032";"АГРЕГАТНЫЕ ЗАЩИТЫ ПНА №036.3"
99;"ПНА №036.3. Невыполнение ЧРП включенного ПНА команд регулирования";"прог";"с";"00";"10";"10007";"1";"UST.Protect.NA3.T033";"АГРЕГАТНЫЕ ЗАЩИТЫ ПНА №036.3"
100;"ПНА №036.4. Аварийная максимальная температура нефти на выходе из насоса";"TT587";"с";"10";"10";"10008";"1";"UST.Protect.NA4.T001";"АГРЕГАТНЫЕ ЗАЩИТЫ ПНА №036.4"
101;"ПНА №036.4. Недостоверность измерений температуры корпуса насоса";"прог";"с";"10";"10";"10008";"1";"UST.Protect.NA4.T002";"АГРЕГАТНЫЕ ЗАЩИТЫ ПНА №036.4"
102;"ПНА №036.4. Аварийная максимальная температура опорно-упорного подшипника насоса (точка 1)";"TT588_1";"с";"10";"10";"10008";"1";"UST.Protect.NA4.T003";"АГРЕГАТНЫЕ ЗАЩИТЫ ПНА №036.4"
103;"ПНА №036.4. Аварийная максимальная температура опорно-упорного подшипника насоса (точка 2)";"TT588_2";"с";"10";"10";"10008";"1";"UST.Protect.NA4.T004";"АГРЕГАТНЫЕ ЗАЩИТЫ ПНА №036.4"
104;"ПНА №036.4. Аварийная максимальная температура нижнего подшипника ЭД";"TT583";"с";"10";"10";"10008";"1";"UST.Protect.NA4.T005";"АГРЕГАТНЫЕ ЗАЩИТЫ ПНА №036.4"
105;"ПНА №036.4. Аварийная максимальная температура верхнего подшипника ЭД (точка 1)";"TT584_1";"с";"10";"10";"10008";"1";"UST.Protect.NA4.T006";"АГРЕГАТНЫЕ ЗАЩИТЫ ПНА №036.4"
106;"ПНА №036.4. Аварийная максимальная температура верхнего подшипника ЭД (точка 2)";"TT584_2";"с";"10";"10";"10008";"1";"UST.Protect.NA4.T007";"АГРЕГАТНЫЕ ЗАЩИТЫ ПНА №036.4"
107;"ПНА №036.4. Недостоверность измерений температуры опорно-упорного подшипника насоса (точка 1)";"TT588_1";"с";"10";"10";"10008";"1";"UST.Protect.NA4.T008";"АГРЕГАТНЫЕ ЗАЩИТЫ ПНА №036.4"
108;"ПНА №036.4. Недостоверность измерений температуры опорно-упорного подшипника насоса (точка 2)";"TT588_2";"с";"10";"10";"10008";"1";"UST.Protect.NA4.T009";"АГРЕГАТНЫЕ ЗАЩИТЫ ПНА №036.4"
109;"ПНА №036.4. Недостоверность измерений температуры нижнего подшипника ЭД";"TT583";"с";"10";"10";"10008";"1";"UST.Protect.NA4.T010";"АГРЕГАТНЫЕ ЗАЩИТЫ ПНА №036.4"
110;"ПНА №036.4. Недостоверность измерений температуры верхнего подшипника ЭД (точка 1)";"TT584_1";"с";"10";"10";"10008";"1";"UST.Protect.NA4.T011";"АГРЕГАТНЫЕ ЗАЩИТЫ ПНА №036.4"
111;"ПНА №036.4. Недостоверность измерений температуры верхнего подшипника ЭД (точка 2)";"TT584_2";"с";"10";"10";"10008";"1";"UST.Protect.NA4.T012";"АГРЕГАТНЫЕ ЗАЩИТЫ ПНА №036.4"
112;"ПНА №036.4. Aварийные утечки через торцевое уплотнение насоса";"LC5544";"с";"10";"10";"10008";"1";"UST.Protect.NA4.T013";"АГРЕГАТНЫЕ ЗАЩИТЫ ПНА №036.4"
113;"ПНА №036.4. Аварийная максимальная вибрация опорно-упорного подшипника насоса в нестац. режиме (горизонтальная) ";"XT585";"с";"50";"10";"10008";"1";"UST.Protect.NA4.T014";"АГРЕГАТНЫЕ ЗАЩИТЫ ПНА №036.4"
114;"ПНА №036.4. Аварийная максимальная вибрация опорно-упорного подшипника насоса в нестац. режиме (поперечная) ";"XT586";"с";"50";"10";"10008";"1";"UST.Protect.NA4.T015";"АГРЕГАТНЫЕ ЗАЩИТЫ ПНА №036.4"
115;"ПНА №036.4. Аварийная максимальная вибрация опорно-упорного подшипника насоса в стац. режиме (горизонтальная) . Порог 1";"XT585";"с";"50";"10";"10008";"1";"UST.Protect.NA4.T016";"АГРЕГАТНЫЕ ЗАЩИТЫ ПНА №036.4"
116;"ПНА №036.4. Аварийная максимальная вибрация опорно-упорного подшипника насоса в стац. режиме (поперечная) . Порог 1";"XT586";"с";"50";"10";"10008";"1";"UST.Protect.NA4.T017";"АГРЕГАТНЫЕ ЗАЩИТЫ ПНА №036.4"
117;"ПНА №036.4. Аварийная максимальная вибрация опорно-упорного подшипника насоса (горизонтальная) . Порог 2";"XT585";"с";"20";"10";"10008";"1";"UST.Protect.NA4.T018";"АГРЕГАТНЫЕ ЗАЩИТЫ ПНА №036.4"
118;"ПНА №036.4. Аварийная максимальная вибрация опорно-упорного подшипника насоса (поперечная) . Порог 2";"XT586";"с";"20";"10";"10008";"1";"UST.Protect.NA4.T019";"АГРЕГАТНЫЕ ЗАЩИТЫ ПНА №036.4"
119;"ПНА №036.4. Недостоверность измерений вибрации в группе преобразователей (насос)";"прог";"с";"20";"10";"10008";"1";"UST.Protect.NA4.T020";"АГРЕГАТНЫЕ ЗАЩИТЫ ПНА №036.4"
120;"ПНА №036.4. Аварийное минимальное давление на выходе работающего ПНА ";"прог";"с";"150";"10";"10008";"1";"UST.Protect.NA4.T021";"АГРЕГАТНЫЕ ЗАЩИТЫ ПНА №036.4"
121;"ПНА №036.4. Закрытие агрегатных задвижек работающего агрегата";"прог";"с";"600";"10";"10008";"1";"UST.Protect.NA4.T022";"АГРЕГАТНЫЕ ЗАЩИТЫ ПНА №036.4"
122;"ПНА №036.4. Невыполнение программы пуска агрегата ПНА";"прог";"с";"00";"10";"10008";"1";"UST.Protect.NA4.T023";"АГРЕГАТНЫЕ ЗАЩИТЫ ПНА №036.4"
123;"ПНА №036.4. Невыполнение команды остановки ПНА";"прог";"с";"700";"10";"10008";"1";"UST.Protect.NA4.T024";"АГРЕГАТНЫЕ ЗАЩИТЫ ПНА №036.4"
124;"ПНА №036.4. Невыполнение команды отключения НВ ПНА";"прог";"с";"30";"10";"10008";"1";"UST.Protect.NA4.T025";"АГРЕГАТНЫЕ ЗАЩИТЫ ПНА №036.4"
125;"ПНА №036.4. Неисправность цепей отключения НВ ПНА (в т.ч. отсутствие питания цепей управления)";"прог";"с";"600";"10";"10008";"1";"UST.Protect.NA4.T026";"АГРЕГАТНЫЕ ЗАЩИТЫ ПНА №036.4"
126;"ПНА №036.4. Несанкционированное отключение ПНА";"прог";"с";"30";"10";"10008";"1";"UST.Protect.NA4.T027";"АГРЕГАТНЫЕ ЗАЩИТЫ ПНА №036.4"
127;"ПНА №036.4. Несанкционированное включение ПНА";"прог";"с";"00";"10";"10008";"1";"UST.Protect.NA4.T028";"АГРЕГАТНЫЕ ЗАЩИТЫ ПНА №036.4"
128;"ПНА №036.4. Неисправность цепей контроля ПНА";"прог";"с";"00";"10";"10008";"1";"UST.Protect.NA4.T029";"АГРЕГАТНЫЕ ЗАЩИТЫ ПНА №036.4"
129;"ПНА №036.4. Аварийное отключение агрегата ПНА кнопкой Стоп по месту";"прог";"с";"00";"10";"10008";"1";"UST.Protect.NA4.T030";"АГРЕГАТНЫЕ ЗАЩИТЫ ПНА №036.4"
130;"ПНА №036.4. Аварийное отключение агрегата ПНА кнопкой Стоп с БРУ";"прог";"с";"00";"10";"10008";"1";"UST.Protect.NA4.T031";"АГРЕГАТНЫЕ ЗАЩИТЫ ПНА №036.4"
131;"ПНА №036.4. Авария ЧРП";"прог";"с";"00";"10";"10008";"1";"UST.Protect.NA4.T032";"АГРЕГАТНЫЕ ЗАЩИТЫ ПНА №036.4"
132;"ПНА №036.4. Невыполнение ЧРП включенного ПНА команд регулирования";"прог";"с";"00";"10";"10008";"1";"UST.Protect.NA4.T033";"АГРЕГАТНЫЕ ЗАЩИТЫ ПНА №036.4"
133;"Аварийное отключение ССН кнопкой 'СТОП' т.1";"KKC552";"с";"00";"10";"10003";"1";"UST.Protect.T001";"СТАНЦИОННЫЕ ЗАЩИТЫ"
134;"Аварийное отключение ССН кнопкой 'СТОП' т.2";"KKC553";"с";"00";"10";"10003";"1";"UST.Protect.T002";"СТАНЦИОННЫЕ ЗАЩИТЫ"
135;"Аварийное отключение ССН кнопкой 'СТОП' т.3";"KKC554";"с";"00";"10";"10003";"1";"UST.Protect.T003";"СТАНЦИОННЫЕ ЗАЩИТЫ"
136;"Аварийное отключение ССН кнопкой 'СТОП' т.4";"KKC555";"с";"00";"10";"10003";"1";"UST.Protect.T004";"СТАНЦИОННЫЕ ЗАЩИТЫ"
137;"Аварийное отключение ССН кнопкой 'СТОП' с БРУ";"ED551";"с";"00";"10";"10003";"1";"UST.Protect.T005";"СТАНЦИОННЫЕ ЗАЩИТЫ"
138;"Аварийное отключение ССН кнопкой 'СТОП' с АРМ оператора";"прог";"с";"00";"10";"10003";"1";"UST.Protect.T006";"СТАНЦИОННЫЕ ЗАЩИТЫ"
139;"Аварийный максимальный уровень в емкости для сбора утечек нефти и дренажа (024.1)";"LC6514";"с";"30";"10";"10003";"1";"UST.Protect.T007";"СТАНЦИОННЫЕ ЗАЩИТЫ"
140;"Аварийный максимальный уровень в емкости для сбора утечек нефти и дренажа (024.2)";"LC6524";"с";"30";"10";"10003";"1";"UST.Protect.T008";"СТАНЦИОННЫЕ ЗАЩИТЫ"
141;"Предельный максимальный перепад давления на узле регулирования расхода №1 (008.1)";"PDT671";"с";"20";"10";"10003";"1";"UST.Protect.T009";"СТАНЦИОННЫЕ ЗАЩИТЫ"
142;"Предельный максимальный перепад давления на узле регулирования расхода №2 (008.2)";"PDT672";"с";"20";"10";"10003";"1";"UST.Protect.T010";"СТАНЦИОННЫЕ ЗАЩИТЫ"
143;"Предельный максимальный перепад давления на регуляторе расхода №036.5";"PDT673";"с";"20";"10";"10003";"1";"UST.Protect.T011";"СТАНЦИОННЫЕ ЗАЩИТЫ"
144;"Отсутствие связи КЦ МПСА ССН с любым УСО, обеспечивающим безопасную эксплуатацию оборудования ССН";"прог";"с";"100";"10";"10003";"1";"UST.Protect.T012";"СТАНЦИОННЫЕ ЗАЩИТЫ"
145;"Остановка основного и резервного КЦ МПСА ССН";"прог";"с";"100";"10";"10003";"1";"UST.Protect.T013";"СТАНЦИОННЫЕ ЗАЩИТЫ"
146;"Пожар в насосном зале основной насосной МН «Куйбышев – Унеча – Молзырь-1» (прием из МПСА ПТ)";"DC706a";"с";"00";"10";"10003";"1";"UST.Protect.T014";"СТАНЦИОННЫЕ ЗАЩИТЫ"
147;"Пожар на площадке ПНС МН «Куйбышев – Унеча – Молзырь-1» (прием из МПСА ПТ)";"DC707a";"с";"00";"10";"10003";"1";"UST.Protect.T015";"СТАНЦИОННЫЕ ЗАЩИТЫ"
148;"Пожар в РП (прием из МПСА ПТ)";"DC708a";"с";"00";"10";"10003";"1";"UST.Protect.T016";"СТАНЦИОННЫЕ ЗАЩИТЫ"
149;"Пожар в помещении ЧРП ССН (прием из МПСА ПТ)";"DC709a";"с";"00";"10";"10003";"1";"UST.Protect.T017";"СТАНЦИОННЫЕ ЗАЩИТЫ"
150;"Пожар на площадке ССН (прием из МПСА ПТ)";"DC710a";"с";"00";"10";"10003";"1";"UST.Protect.T018";"СТАНЦИОННЫЕ ЗАЩИТЫ"
151;"Пожар в насосном зале насосной «Лопатино-КНПЗ» (прием из МПСА ПТ)";"DC711a";"с";"00";"10";"10003";"1";"UST.Protect.T019";"СТАНЦИОННЫЕ ЗАЩИТЫ"
152;"Пожар в щитовой КИП (ССН) (прием из МПСА ПТ)";"DC713a";"с";"00";"10";"10003";"1";"UST.Protect.T020";"СТАНЦИОННЫЕ ЗАЩИТЫ"
153;"Аварийная загазованность в насосном зале основной насосной МН «Куйбышев - Унеча - Мозырь-1»";"iNPS_1";"с";"00";"10";"10003";"1";"UST.Protect.T021";"СТАНЦИОННЫЕ ЗАЩИТЫ"
154;"Аварийный максимальный уровень в емкости откачек утечек и дренажа при основной насосной МН «Куйбышев - Унеча - Мозырь-1»";"iNPS_2";"с";"00";"10";"10003";"1";"UST.Protect.T022";"СТАНЦИОННЫЕ ЗАЩИТЫ"
155;"Аварийная загазованность в маслосистеме основной насосной МН «Куйбышев - Унеча - Мозырь-1»";"iNPS_3";"с";"00";"10";"10003";"1";"UST.Protect.T023";"СТАНЦИОННЫЕ ЗАЩИТЫ"
156;"Аварийный максимальный уровень в емкости откачек утечек и дренажа при ПНС МН «Куйбышев - Унеча - Мозырь-1»";"iNPS_4";"с";"00";"10";"10003";"1";"UST.Protect.T024";"СТАНЦИОННЫЕ ЗАЩИТЫ"
157;"Аварийная загазованность в насосном зале насосной МН «Лопатино-КНПЗ»";"iKNPZ_1";"с";"00";"10";"10003";"1";"UST.Protect.T025";"СТАНЦИОННЫЕ ЗАЩИТЫ"
158;"Аварийный максимальный уровень в емкости откачек утечек и дренажа при насосной МН «Лопатино-КНПЗ»";"iKNPZ_2";"с";"00";"10";"10003";"1";"UST.Protect.T026";"СТАНЦИОННЫЕ ЗАЩИТЫ"
159;"Аварийная загазованность в маслосистеме насосной МН «Лопатино-КНПЗ»";"iKNPZ_3";"с";"00";"10";"10003";"1";"UST.Protect.T027";"СТАНЦИОННЫЕ ЗАЩИТЫ"
160;"Нижний допустимый уровень в резервуарах РП";"iRP_1";"с";"00";"10";"10003";"1";"UST.Protect.T028";"СТАНЦИОННЫЕ ЗАЩИТЫ"
161;"Приёмная задвижка №036.1.1. Время схода с концевых выключателей";"SwitchTimes";"с";"100";"10";"10001";"1";"UST.ZD.PNA036_1.Zdv036_1_1.SwitchTimes";"ВРЕМЕННЫЕ УСТАВКИ ЗАДВИЖЕК"
162;"Приёмная задвижка №036.1.1. Время хода";"MotionTimes";"с";"6000";"10";"10001";"1";"UST.ZD.PNA036_1.Zdv036_1_1.MotionTimes";"ВРЕМЕННЫЕ УСТАВКИ ЗАДВИЖЕК"
163;"Приёмная задвижка №036.1.1. Время ожидания сигнала МП";"MPChange";"с";"30";"10";"10001";"1";"UST.ZD.PNA036_1.Zdv036_1_1.MPChange";"ВРЕМЕННЫЕ УСТАВКИ ЗАДВИЖЕК"
164;"Выкидная задвижка №036.1.2. Время схода с концевых выключателей";"SwitchTimes";"с";"100";"10";"10001";"1";"UST.ZD.PNA036_1.Zdv036_1_2.SwitchTimes";"ВРЕМЕННЫЕ УСТАВКИ ЗАДВИЖЕК"
165;"Выкидная задвижка №036.1.2. Время хода";"MotionTimes";"с";"6000";"10";"10001";"1";"UST.ZD.PNA036_1.Zdv036_1_2.MotionTimes";"ВРЕМЕННЫЕ УСТАВКИ ЗАДВИЖЕК"
166;"Выкидная задвижка №036.1.2. Время ожидания сигнала МП";"MPChange";"с";"30";"10";"10001";"1";"UST.ZD.PNA036_1.Zdv036_1_2.MPChange";"ВРЕМЕННЫЕ УСТАВКИ ЗАДВИЖЕК"
167;"Приёмная задвижка №036.2.1. Время схода с концевых выключателей";"SwitchTimes";"с";"100";"10";"10001";"1";"UST.ZD.PNA036_2.Zdv036_2_1.SwitchTimes";"ВРЕМЕННЫЕ УСТАВКИ ЗАДВИЖЕК"
168;"Приёмная задвижка №036.2.1. Время хода";"MotionTimes";"с";"6000";"10";"10001";"1";"UST.ZD.PNA036_2.Zdv036_2_1.MotionTimes";"ВРЕМЕННЫЕ УСТАВКИ ЗАДВИЖЕК"
169;"Приёмная задвижка №036.2.1. Время ожидания сигнала МП";"MPChange";"с";"30";"10";"10001";"1";"UST.ZD.PNA036_2.Zdv036_2_1.MPChange";"ВРЕМЕННЫЕ УСТАВКИ ЗАДВИЖЕК"
170;"Выкидная задвижка №036.2.2. Время схода с концевых выключателей";"SwitchTimes";"с";"100";"10";"10001";"1";"UST.ZD.PNA036_2.Zdv036_2_2.SwitchTimes";"ВРЕМЕННЫЕ УСТАВКИ ЗАДВИЖЕК"
171;"Выкидная задвижка №036.2.2. Время хода";"MotionTimes";"с";"6000";"10";"10001";"1";"UST.ZD.PNA036_2.Zdv036_2_2.MotionTimes";"ВРЕМЕННЫЕ УСТАВКИ ЗАДВИЖЕК"
172;"Выкидная задвижка №036.2.2. Время ожидания сигнала МП";"MPChange";"с";"30";"10";"10001";"1";"UST.ZD.PNA036_2.Zdv036_2_2.MPChange";"ВРЕМЕННЫЕ УСТАВКИ ЗАДВИЖЕК"
173;"Приёмная задвижка №036.3.1. Время схода с концевых выключателей";"SwitchTimes";"с";"100";"10";"10001";"1";"UST.ZD.PNA036_3.Zdv036_3_1.SwitchTimes";"ВРЕМЕННЫЕ УСТАВКИ ЗАДВИЖЕК"
174;"Приёмная задвижка №036.3.1. Время хода";"MotionTimes";"с";"6000";"10";"10001";"1";"UST.ZD.PNA036_3.Zdv036_3_1.MotionTimes";"ВРЕМЕННЫЕ УСТАВКИ ЗАДВИЖЕК"
175;"Приёмная задвижка №036.3.1. Время ожидания сигнала МП";"MPChange";"с";"30";"10";"10001";"1";"UST.ZD.PNA036_3.Zdv036_3_1.MPChange";"ВРЕМЕННЫЕ УСТАВКИ ЗАДВИЖЕК"
176;"Выкидная задвижка №036.3.2. Время схода с концевых выключателей";"SwitchTimes";"с";"100";"10";"10001";"1";"UST.ZD.PNA036_3.Zdv036_3_2.SwitchTimes";"ВРЕМЕННЫЕ УСТАВКИ ЗАДВИЖЕК"
177;"Выкидная задвижка №036.3.2. Время хода";"MotionTimes";"с";"6000";"10";"10001";"1";"UST.ZD.PNA036_3.Zdv036_3_2.MotionTimes";"ВРЕМЕННЫЕ УСТАВКИ ЗАДВИЖЕК"
178;"Выкидная задвижка №036.3.2. Время ожидания сигнала МП";"MPChange";"с";"30";"10";"10001";"1";"UST.ZD.PNA036_3.Zdv036_3_2.MPChange";"ВРЕМЕННЫЕ УСТАВКИ ЗАДВИЖЕК"
179;"Приёмная задвижка №036.4.1. Время схода с концевых выключателей";"SwitchTimes";"с";"100";"10";"10001";"1";"UST.ZD.PNA036_4.Zdv036_4_1.SwitchTimes";"ВРЕМЕННЫЕ УСТАВКИ ЗАДВИЖЕК"
180;"Приёмная задвижка №036.4.1. Время хода";"MotionTimes";"с";"6000";"10";"10001";"1";"UST.ZD.PNA036_4.Zdv036_4_1.MotionTimes";"ВРЕМЕННЫЕ УСТАВКИ ЗАДВИЖЕК"
181;"Приёмная задвижка №036.4.1. Время ожидания сигнала МП";"MPChange";"с";"30";"10";"10001";"1";"UST.ZD.PNA036_4.Zdv036_4_1.MPChange";"ВРЕМЕННЫЕ УСТАВКИ ЗАДВИЖЕК"
182;"Выкидная задвижка №036.4.2. Время схода с концевых выключателей";"SwitchTimes";"с";"100";"10";"10001";"1";"UST.ZD.PNA036_4.Zdv036_4_2.SwitchTimes";"ВРЕМЕННЫЕ УСТАВКИ ЗАДВИЖЕК"
183;"Выкидная задвижка №036.4.2. Время хода";"MotionTimes";"с";"6000";"10";"10001";"1";"UST.ZD.PNA036_4.Zdv036_4_2.MotionTimes";"ВРЕМЕННЫЕ УСТАВКИ ЗАДВИЖЕК"
184;"Выкидная задвижка №036.4.2. Время ожидания сигнала МП";"MPChange";"с";"30";"10";"10001";"1";"UST.ZD.PNA036_4.Zdv036_4_2.MPChange";"ВРЕМЕННЫЕ УСТАВКИ ЗАДВИЖЕК"
185;"Задвижка №007.1.1. Время схода с концевых выключателей";"SwitchTimes";"с";"100";"10";"10001";"1";"UST.ZD.SSN.Zdv007_1_1.SwitchTimes";"ВРЕМЕННЫЕ УСТАВКИ ЗАДВИЖЕК"
186;"Задвижка №007.1.1. Время хода";"MotionTimes";"с";"6000";"10";"10001";"1";"UST.ZD.SSN.Zdv007_1_1.MotionTimes";"ВРЕМЕННЫЕ УСТАВКИ ЗАДВИЖЕК"
187;"Задвижка №007.1.1. Время ожидания сигнала МП";"MPChange";"с";"30";"10";"10001";"1";"UST.ZD.SSN.Zdv007_1_1.MPChange";"ВРЕМЕННЫЕ УСТАВКИ ЗАДВИЖЕК"
188;"Задвижка №007.1.2. Время схода с концевых выключателей";"SwitchTimes";"с";"100";"10";"10001";"1";"UST.ZD.SSN.Zdv007_1_2.SwitchTimes";"ВРЕМЕННЫЕ УСТАВКИ ЗАДВИЖЕК"
189;"Задвижка №007.1.2. Время хода";"MotionTimes";"с";"6000";"10";"10001";"1";"UST.ZD.SSN.Zdv007_1_2.MotionTimes";"ВРЕМЕННЫЕ УСТАВКИ ЗАДВИЖЕК"
190;"Задвижка №007.1.2. Время ожидания сигнала МП";"MPChange";"с";"30";"10";"10001";"1";"UST.ZD.SSN.Zdv007_1_2.MPChange";"ВРЕМЕННЫЕ УСТАВКИ ЗАДВИЖЕК"
191;"Задвижка №007.2.1. Время схода с концевых выключателей";"SwitchTimes";"с";"100";"10";"10001";"1";"UST.ZD.SSN.Zdv007_2_1.SwitchTimes";"ВРЕМЕННЫЕ УСТАВКИ ЗАДВИЖЕК"
192;"Задвижка №007.2.1. Время хода";"MotionTimes";"с";"6000";"10";"10001";"1";"UST.ZD.SSN.Zdv007_2_1.MotionTimes";"ВРЕМЕННЫЕ УСТАВКИ ЗАДВИЖЕК"
193;"Задвижка №007.2.1. Время ожидания сигнала МП";"MPChange";"с";"30";"10";"10001";"1";"UST.ZD.SSN.Zdv007_2_1.MPChange";"ВРЕМЕННЫЕ УСТАВКИ ЗАДВИЖЕК"
194;"Задвижка №007.2.2. Время схода с концевых выключателей";"SwitchTimes";"с";"100";"10";"10001";"1";"UST.ZD.SSN.Zdv007_2_2.SwitchTimes";"ВРЕМЕННЫЕ УСТАВКИ ЗАДВИЖЕК"
195;"Задвижка №007.2.2. Время хода";"MotionTimes";"с";"6000";"10";"10001";"1";"UST.ZD.SSN.Zdv007_2_2.MotionTimes";"ВРЕМЕННЫЕ УСТАВКИ ЗАДВИЖЕК"
196;"Задвижка №007.2.2. Время ожидания сигнала МП";"MPChange";"с";"30";"10";"10001";"1";"UST.ZD.SSN.Zdv007_2_2.MPChange";"ВРЕМЕННЫЕ УСТАВКИ ЗАДВИЖЕК"
197;"Задвижка №007.3.1. Время схода с концевых выключателей";"SwitchTimes";"с";"100";"10";"10001";"1";"UST.ZD.SSN.Zdv007_3_1.SwitchTimes";"ВРЕМЕННЫЕ УСТАВКИ ЗАДВИЖЕК"
198;"Задвижка №007.3.1. Время хода";"MotionTimes";"с";"6000";"10";"10001";"1";"UST.ZD.SSN.Zdv007_3_1.MotionTimes";"ВРЕМЕННЫЕ УСТАВКИ ЗАДВИЖЕК"
199;"Задвижка №007.3.1. Время ожидания сигнала МП";"MPChange";"с";"30";"10";"10001";"1";"UST.ZD.SSN.Zdv007_3_1.MPChange";"ВРЕМЕННЫЕ УСТАВКИ ЗАДВИЖЕК"
200;"Задвижка №036.5.1. Время схода с концевых выключателей";"SwitchTimes";"с";"100";"10";"10001";"1";"UST.ZD.SSN.Zdv036_5_1.SwitchTimes";"ВРЕМЕННЫЕ УСТАВКИ ЗАДВИЖЕК"
201;"Задвижка №036.5.1. Время хода";"MotionTimes";"с";"6000";"10";"10001";"1";"UST.ZD.SSN.Zdv036_5_1.MotionTimes";"ВРЕМЕННЫЕ УСТАВКИ ЗАДВИЖЕК"
202;"Задвижка №036.5.1. Время ожидания сигнала МП";"MPChange";"с";"30";"10";"10001";"1";"UST.ZD.SSN.Zdv036_5_1.MPChange";"ВРЕМЕННЫЕ УСТАВКИ ЗАДВИЖЕК"
203;"Задвижка №036.5.2. Время схода с концевых выключателей";"SwitchTimes";"с";"100";"10";"10001";"1";"UST.ZD.SSN.Zdv036_5_2.SwitchTimes";"ВРЕМЕННЫЕ УСТАВКИ ЗАДВИЖЕК"
204;"Задвижка №036.5.2. Время хода";"MotionTimes";"с";"6000";"10";"10001";"1";"UST.ZD.SSN.Zdv036_5_2.MotionTimes";"ВРЕМЕННЫЕ УСТАВКИ ЗАДВИЖЕК"
205;"Задвижка №036.5.2. Время ожидания сигнала МП";"MPChange";"с";"30";"10";"10001";"1";"UST.ZD.SSN.Zdv036_5_2.MPChange";"ВРЕМЕННЫЕ УСТАВКИ ЗАДВИЖЕК"
206;"Задвижка №008.1.1.1. Время схода с концевых выключателей";"SwitchTimes";"с";"100";"10";"10001";"1";"UST.ZD.SAR1.Zdv008_1_1_1.SwitchTimes";"ВРЕМЕННЫЕ УСТАВКИ ЗАДВИЖЕК"
207;"Задвижка №008.1.1.1. Время хода";"MotionTimes";"с";"6000";"10";"10001";"1";"UST.ZD.SAR1.Zdv008_1_1_1.MotionTimes";"ВРЕМЕННЫЕ УСТАВКИ ЗАДВИЖЕК"
208;"Задвижка №008.1.1.1. Время ожидания сигнала МП";"MPChange";"с";"30";"10";"10001";"1";"UST.ZD.SAR1.Zdv008_1_1_1.MPChange";"ВРЕМЕННЫЕ УСТАВКИ ЗАДВИЖЕК"
209;"Задвижка №008.1.1.2. Время схода с концевых выключателей";"SwitchTimes";"с";"100";"10";"10001";"1";"UST.ZD.SAR1.Zdv008_1_1_2.SwitchTimes";"ВРЕМЕННЫЕ УСТАВКИ ЗАДВИЖЕК"
210;"Задвижка №008.1.1.2. Время хода";"MotionTimes";"с";"6000";"10";"10001";"1";"UST.ZD.SAR1.Zdv008_1_1_2.MotionTimes";"ВРЕМЕННЫЕ УСТАВКИ ЗАДВИЖЕК"
211;"Задвижка №008.1.1.2. Время ожидания сигнала МП";"MPChange";"с";"30";"10";"10001";"1";"UST.ZD.SAR1.Zdv008_1_1_2.MPChange";"ВРЕМЕННЫЕ УСТАВКИ ЗАДВИЖЕК"
212;"Задвижка №008.1.2.1. Время схода с концевых выключателей";"SwitchTimes";"с";"100";"10";"10001";"1";"UST.ZD.SAR1.Zdv008_1_2_1.SwitchTimes";"ВРЕМЕННЫЕ УСТАВКИ ЗАДВИЖЕК"
213;"Задвижка №008.1.2.1. Время хода";"MotionTimes";"с";"6000";"10";"10001";"1";"UST.ZD.SAR1.Zdv008_1_2_1.MotionTimes";"ВРЕМЕННЫЕ УСТАВКИ ЗАДВИЖЕК"
214;"Задвижка №008.1.2.1. Время ожидания сигнала МП";"MPChange";"с";"30";"10";"10001";"1";"UST.ZD.SAR1.Zdv008_1_2_1.MPChange";"ВРЕМЕННЫЕ УСТАВКИ ЗАДВИЖЕК"
215;"Задвижка №008.1.2.2. Время схода с концевых выключателей";"SwitchTimes";"с";"100";"10";"10001";"1";"UST.ZD.SAR1.Zdv008_1_2_2.SwitchTimes";"ВРЕМЕННЫЕ УСТАВКИ ЗАДВИЖЕК"
216;"Задвижка №008.1.2.2. Время хода";"MotionTimes";"с";"6000";"10";"10001";"1";"UST.ZD.SAR1.Zdv008_1_2_2.MotionTimes";"ВРЕМЕННЫЕ УСТАВКИ ЗАДВИЖЕК"
217;"Задвижка №008.1.2.2. Время ожидания сигнала МП";"MPChange";"с";"30";"10";"10001";"1";"UST.ZD.SAR1.Zdv008_1_2_2.MPChange";"ВРЕМЕННЫЕ УСТАВКИ ЗАДВИЖЕК"
218;"Задвижка №008.2.1.1. Время схода с концевых выключателей";"SwitchTimes";"с";"100";"10";"10001";"1";"UST.ZD.SAR2.Zdv008_2_1_1.SwitchTimes";"ВРЕМЕННЫЕ УСТАВКИ ЗАДВИЖЕК"
219;"Задвижка №008.2.1.1. Время хода";"MotionTimes";"с";"6000";"10";"10001";"1";"UST.ZD.SAR2.Zdv008_2_1_1.MotionTimes";"ВРЕМЕННЫЕ УСТАВКИ ЗАДВИЖЕК"
220;"Задвижка №008.2.1.1. Время ожидания сигнала МП";"MPChange";"с";"30";"10";"10001";"1";"UST.ZD.SAR2.Zdv008_2_1_1.MPChange";"ВРЕМЕННЫЕ УСТАВКИ ЗАДВИЖЕК"
221;"Задвижка №008.2.1.2. Время схода с концевых выключателей";"SwitchTimes";"с";"100";"10";"10001";"1";"UST.ZD.SAR2.Zdv008_2_1_2.SwitchTimes";"ВРЕМЕННЫЕ УСТАВКИ ЗАДВИЖЕК"
222;"Задвижка №008.2.1.2. Время хода";"MotionTimes";"с";"6000";"10";"10001";"1";"UST.ZD.SAR2.Zdv008_2_1_2.MotionTimes";"ВРЕМЕННЫЕ УСТАВКИ ЗАДВИЖЕК"
223;"Задвижка №008.2.1.2. Время ожидания сигнала МП";"MPChange";"с";"30";"10";"10001";"1";"UST.ZD.SAR2.Zdv008_2_1_2.MPChange";"ВРЕМЕННЫЕ УСТАВКИ ЗАДВИЖЕК"
224;"Задвижка №008.2.2.1. Время схода с концевых выключателей";"SwitchTimes";"с";"100";"10";"10001";"1";"UST.ZD.SAR2.Zdv008_2_2_1.SwitchTimes";"ВРЕМЕННЫЕ УСТАВКИ ЗАДВИЖЕК"
225;"Задвижка №008.2.2.1. Время хода";"MotionTimes";"с";"6000";"10";"10001";"1";"UST.ZD.SAR2.Zdv008_2_2_1.MotionTimes";"ВРЕМЕННЫЕ УСТАВКИ ЗАДВИЖЕК"
226;"Задвижка №008.2.2.1. Время ожидания сигнала МП";"MPChange";"с";"30";"10";"10001";"1";"UST.ZD.SAR2.Zdv008_2_2_1.MPChange";"ВРЕМЕННЫЕ УСТАВКИ ЗАДВИЖЕК"
227;"Задвижка №008.2.2.2. Время схода с концевых выключателей";"SwitchTimes";"с";"100";"10";"10001";"1";"UST.ZD.SAR2.Zdv008_2_2_2.SwitchTimes";"ВРЕМЕННЫЕ УСТАВКИ ЗАДВИЖЕК"
228;"Задвижка №008.2.2.2. Время хода";"MotionTimes";"с";"6000";"10";"10001";"1";"UST.ZD.SAR2.Zdv008_2_2_2.MotionTimes";"ВРЕМЕННЫЕ УСТАВКИ ЗАДВИЖЕК"
229;"Задвижка №008.2.2.2. Время ожидания сигнала МП";"MPChange";"с";"30";"10";"10001";"1";"UST.ZD.SAR2.Zdv008_2_2_2.MPChange";"ВРЕМЕННЫЕ УСТАВКИ ЗАДВИЖЕК"
230;"Задвижка №024.1. Время схода с концевых выключателей";"SwitchTimes";"с";"100";"10";"10001";"1";"UST.ZD.SOU.Zdv024_1.SwitchTimes";"ВРЕМЕННЫЕ УСТАВКИ ЗАДВИЖЕК"
231;"Задвижка №024.1. Время хода";"MotionTimes";"с";"6000";"10";"10001";"1";"UST.ZD.SOU.Zdv024_1.MotionTimes";"ВРЕМЕННЫЕ УСТАВКИ ЗАДВИЖЕК"
232;"Задвижка №024.1. Время ожидания сигнала МП";"MPChange";"с";"30";"10";"10001";"1";"UST.ZD.SOU.Zdv024_1.MPChange";"ВРЕМЕННЫЕ УСТАВКИ ЗАДВИЖЕК"
233;"Задвижка №024.2. Время схода с концевых выключателей";"SwitchTimes";"с";"100";"10";"10001";"1";"UST.ZD.SOU.Zdv024_2.SwitchTimes";"ВРЕМЕННЫЕ УСТАВКИ ЗАДВИЖЕК"
234;"Задвижка №024.2. Время хода";"MotionTimes";"с";"6000";"10";"10001";"1";"UST.ZD.SOU.Zdv024_2.MotionTimes";"ВРЕМЕННЫЕ УСТАВКИ ЗАДВИЖЕК"
235;"Задвижка №024.2. Время ожидания сигнала МП";"MPChange";"с";"30";"10";"10001";"1";"UST.ZD.SOU.Zdv024_2.MPChange";"ВРЕМЕННЫЕ УСТАВКИ ЗАДВИЖЕК"
236;"Насос откачки утечек №024.1. Выдержка времени на ожидание набора давления после появления сигнала МП в процессе пуска агрегата вспомсистемы";"HVS_01";"с";"100";"10";"10002";"1";"UST.VS.SOU.Pump1.HVS_01";"ВРЕМЕННЫЕ УСТАВКИ ВСПОМСИСТЕМ"
237;"Насос откачки утечек №024.1. Выдержка времени на ожидание спада давления после снятия сигнала МП в процессе остановки агрегата вспомсистемы";"HVS_02";"с";"50";"10";"10002";"1";"UST.VS.SOU.Pump1.HVS_02";"ВРЕМЕННЫЕ УСТАВКИ ВСПОМСИСТЕМ"
238;"Насос откачки утечек №024.1. Выдержка времени на контроль давления во время работы";"HVS_03";"с";"30";"10";"10002";"1";"UST.VS.SOU.Pump1.HVS_03";"ВРЕМЕННЫЕ УСТАВКИ ВСПОМСИСТЕМ"
239;"Насос откачки утечек №024.1. Ожидание срабатывания/исчезновения МП после включения/отключения";"HVS_04";"с";"20";"10";"10002";"1";"UST.VS.SOU.Pump1.HVS_04";"ВРЕМЕННЫЕ УСТАВКИ ВСПОМСИСТЕМ"
240;"Насос откачки утечек №024.2. Выдержка времени на ожидание набора давления после появления сигнала МП в процессе пуска агрегата вспомсистемы";"HVS_01";"с";"100";"10";"10002";"1";"UST.VS.SOU.Pump2.HVS_01";"ВРЕМЕННЫЕ УСТАВКИ ВСПОМСИСТЕМ"
241;"Насос откачки утечек №024.2. Выдержка времени на ожидание спада давления после снятия сигнала МП в процессе остановки агрегата вспомсистемы";"HVS_02";"с";"50";"10";"10002";"1";"UST.VS.SOU.Pump2.HVS_02";"ВРЕМЕННЫЕ УСТАВКИ ВСПОМСИСТЕМ"
242;"Насос откачки утечек №024.2. Выдержка времени на контроль давления во время работы";"HVS_03";"с";"30";"10";"10002";"1";"UST.VS.SOU.Pump2.HVS_03";"ВРЕМЕННЫЕ УСТАВКИ ВСПОМСИСТЕМ"
243;"Насос откачки утечек №024.2. Ожидание срабатывания/исчезновения МП после включения/отключения";"HVS_04";"с";"20";"10";"10002";"1";"UST.VS.SOU.Pump2.HVS_04";"ВРЕМЕННЫЕ УСТАВКИ ВСПОМСИСТЕМ"
244;"Задвижки - время на подачу команды СТОП";"TL4_2";"с";"1";"10";"10101";"1";"UST.twCommTimes.TL4_2";"УНИКАЛЬНЫЕ УСТАВКИ"
245;"Задвижки - время выполнения команды на открытие при имитации";"TL4_3";"с";"1";"10";"10101";"1";"UST.twCommTimes.TL4_3";"УНИКАЛЬНЫЕ УСТАВКИ"
246;"Задвижки - время на выполнение «реверса»";"TL4_4";"с";"1";"10";"10101";"1";"UST.twCommTimes.TL4_4";"УНИКАЛЬНЫЕ УСТАВКИ"
247;"Задвижки - ожидание появления напряжения на СШ для выполнения АПВ";"TL4_5";"с";"1";"10";"10101";"1";"UST.twCommTimes.TL4_5";"УНИКАЛЬНЫЕ УСТАВКИ"
248;"Вспомсистемы - выдержка времени на ожидание срабатывания/исчезновения МП после включения/отключения";"TL4_6";"с";"1";"10";"10101";"1";"UST.twCommTimes.TL4_6";"УНИКАЛЬНЫЕ УСТАВКИ"
249;"Вспомсистемы - выдержка времени на возврат напряжения при стопе по месту";"TL4_7";"с";"1";"10";"10101";"1";"UST.twCommTimes.TL4_7";"УНИКАЛЬНЫЕ УСТАВКИ"
250;"Вспомсистемы - выдержка времени для перевода неработающего агрегата в режим ремонтный при исчезновении напряжения в схеме управления";"TL4_8";"с";"1";"10";"10101";"1";"UST.twCommTimes.TL4_8";"УНИКАЛЬНЫЕ УСТАВКИ"
251;"Вспомсистемы - выдержка времени на запаздывание сигналов исчезновения МП";"TL4_9";"с";"1";"10";"10101";"1";"UST.twCommTimes.TL4_9";"УНИКАЛЬНЫЕ УСТАВКИ"
252;"Станционные защиты - таймер проверки отключение всех агрегатов";"TL4_12";"с";"1";"10";"10101";"1";"UST.twCommTimes.TL4_12";"УНИКАЛЬНЫЕ УСТАВКИ"
253;"Станционные защиты - поочередное отключение агрегатов";"TL4_13";"с";"1";"10";"10101";"1";"UST.twCommTimes.TL4_13";"УНИКАЛЬНЫЕ УСТАВКИ"
254;"Станционные защиты - отключение первого по ходу агрегата";"TL4_14";"с";"1";"10";"10101";"1";"UST.twCommTimes.TL4_14";"УНИКАЛЬНЫЕ УСТАВКИ"
255;"Станционные защиты - выдержка времени на отключение ПНС после отключения всех МНА";"TL4_15";"с";"1";"10";"10101";"1";"UST.twCommTimes.TL4_15";"УНИКАЛЬНЫЕ УСТАВКИ"
256;"Станционные защиты - время после появления предельной загазованности, через которое срабатывает защита «Сохранение предельной загазованности»";"TL4_16";"с";"1";"10";"10101";"1";"UST.twCommTimes.TL4_16";"УНИКАЛЬНЫЕ УСТАВКИ"
257;"Станционные защиты - время после снижения уровня загазованности, через которое отключается вентиляция помещения";"TL4_17";"с";"1";"10";"10101";"1";"UST.twCommTimes.TL4_17";"УНИКАЛЬНЫЕ УСТАВКИ"
258;"АВО - выдержка времени на включение или отключение при достижении предельных значений";"TL4_18";"с";"1";"10";"10101";"1";"UST.twCommTimes.TL4_18";"УНИКАЛЬНЫЕ УСТАВКИ"
259;"Приборы контроля СОД - длительность импульса сигналов «контроль» и «деблокировка»";"TL4_19";"с";"1";"10";"10101";"1";"UST.twCommTimes.TL4_19";"УНИКАЛЬНЫЕ УСТАВКИ"
260;"САРД - длительность импульса, передаваемого в САРД для прикрытия заслонок при выполнении рамповой функции";"TL4_20";"с";"10";"10";"10101";"1";"UST.twCommTimes.TL4_20";"УНИКАЛЬНЫЕ УСТАВКИ"
261;"Ёмкости сбора утечек и дренажа - выдержка времени на включение основного насоса откачки утечек";"TL4_21";"с";"1";"10";"10101";"1";"UST.twCommTimes.TL4_21";"УНИКАЛЬНЫЕ УСТАВКИ"
262;"Ёмкости сбора утечек и дренажа - выдержка времени на отключение насосов откачки утечек";"TL4_23";"с";"1";"10";"10101";"1";"UST.twCommTimes.TL4_23";"УНИКАЛЬНЫЕ УСТАВКИ"
263;"Выдержка контроля отключения ВВ привода МНА техническими средствами системы энергоснабжения";"TL4_28";"с";"1";"10";"10101";"1";"UST.twCommTimes.TL4_28";"УНИКАЛЬНЫЕ УСТАВКИ"
264;"Вспомсистемы - период выдачи повторного сообщения об отсутствии в группе резервного агрегата";"TL4_29";"с";"1";"10";"10101";"1";"UST.twCommTimes.TL4_29";"УНИКАЛЬНЫЕ УСТАВКИ"
265;"Задвижки - длительность анализа несовпадения дискретных и интерфейсных сигналов";"TL4_32";"с";"1";"10";"10101";"1";"UST.twCommTimes.TL4_32";"УНИКАЛЬНЫЕ УСТАВКИ"
266;"Уставка на задержку сработки счетчика ЦСПА";"TL4_33";"с";"10";"10";"10101";"1";"UST.twCommTimes.TL4_33";"УНИКАЛЬНЫЕ УСТАВКИ"
267;"МНА №1. Время на проверку корректности состояния цепей контроля ВВ НА";"T01";"с";"30";"10";"10103";"1";"UST.twUMPNA1.T01";"УСТАВКИ МНА №11"
268;"МНА №1. Время удержания команды «Включить ВВ», при получении включенного состояния ВВ";"T02";"с";"30";"10";"10103";"1";"UST.twUMPNA1.T02";"УСТАВКИ МНА №11"
269;"МНА №1. Максимальное время удержания команды «Отключить ВВ»";"T03";"с";"30";"10";"10103";"1";"UST.twUMPNA1.T03";"УСТАВКИ МНА №11"
270;"МНА №1. Время, до выдачи команды «Включить ВВ», необходимое для отработки исполнительного механизма САР во время работы рамповой функции";"T04";"с";"50";"10";"10103";"1";"UST.twUMPNA1.T04";"УСТАВКИ МНА №11"
271;"МНА №1. Время на открытие выкидной задвижки перед выдачей команды на включение НА по программе пуска №2";"T05";"с";"600";"10";"10103";"1";"UST.twUMPNA1.T05";"УСТАВКИ МНА №11"
272;"МНА №1. Контрольное время на выполнение процесса включение ВВ НА";"T06";"с";"100";"10";"10103";"1";"UST.twUMPNA1.T06";"УСТАВКИ МНА №11"
273;"МНА №1. Время подъема силы тока ЭД после включения ВВ НА";"T07";"с";"30";"10";"10103";"1";"UST.twUMPNA1.T07";"УСТАВКИ МНА №11"
274;"МНА №1. Время полного хода выкидной задвижки НА (используется в алгоритме включения и отключения НА по программе пуска №2)";"T08";"с";"1800";"10";"10103";"1";"UST.twUMPNA1.T08";"УСТАВКИ МНА №11"
275;"МНА №1. Время нестационарного режима работы ЭД при пуске";"T09";"с";"300";"10";"10103";"1";"UST.twUMPNA1.T09";"УСТАВКИ МНА №11"
276;"МНА №1. Время, перед выдачей команды повторного отключения ВВ при невыполнении программы остановки";"T10";"с";"600";"10";"10103";"1";"UST.twUMPNA1.T10";"УСТАВКИ МНА №11"
277;"МНА №1. Контрольное время на выполнение процесса отключения ВВ НА";"T11";"с";"100";"10";"10103";"1";"UST.twUMPNA1.T11";"УСТАВКИ МНА №11"
278;"МНА №1. Время снижения силы тока ЭД после отключения ВВ НА";"T12";"с";"100";"10";"10103";"1";"UST.twUMPNA1.T12";"УСТАВКИ МНА №11"
279;"МНА №1. Время фильтрации сигналов цепей включения и отключения";"T13";"с";"100";"10";"10103";"1";"UST.twUMPNA1.T13";"УСТАВКИ МНА №11"
280;"МНА №1. Длительность нестационарного режима работы насоса";"T14";"с";"300";"10";"10103";"1";"UST.twUMPNA1.T14";"УСТАВКИ МНА №11"
281;"МНА №1. Задержка на снятие готовности по отсутствию напряжения 10кВ в двигательной ячейке";"T98";"с";"30";"10";"10103";"1";"UST.twUMPNA1.T98";"УСТАВКИ МНА №11"
282;"МНА №1. Задержка на снятие готовности по отсутствию напряжения в цепях управления агрегатных задвижек";"T99";"с";"30";"10";"10103";"1";"UST.twUMPNA1.T99";"УСТАВКИ МНА №11"
283;"МНА №2. Время на проверку корректности состояния цепей контроля ВВ НА";"T01";"с";"30";"10";"10104";"1";"UST.twUMPNA2.T01";"УСТАВКИ МНА №12"
284;"МНА №2. Время удержания команды «Включить ВВ», при получении включенного состояния ВВ";"T02";"с";"30";"10";"10104";"1";"UST.twUMPNA2.T02";"УСТАВКИ МНА №12"
285;"МНА №2. Максимальное время удержания команды «Отключить ВВ»";"T03";"с";"30";"10";"10104";"1";"UST.twUMPNA2.T03";"УСТАВКИ МНА №12"
286;"МНА №2. Время, до выдачи команды «Включить ВВ», необходимое для отработки исполнительного механизма САР во время работы рамповой функции";"T04";"с";"50";"10";"10104";"1";"UST.twUMPNA2.T04";"УСТАВКИ МНА №12"
287;"МНА №2. Время на открытие выкидной задвижки перед выдачей команды на включение НА по программе пуска №2";"T05";"с";"600";"10";"10104";"1";"UST.twUMPNA2.T05";"УСТАВКИ МНА №12"
288;"МНА №2. Контрольное время на выполнение процесса включение ВВ НА";"T06";"с";"100";"10";"10104";"1";"UST.twUMPNA2.T06";"УСТАВКИ МНА №12"
289;"МНА №2. Время подъема силы тока ЭД после включения ВВ НА";"T07";"с";"30";"10";"10104";"1";"UST.twUMPNA2.T07";"УСТАВКИ МНА №12"
290;"МНА №2. Время полного хода выкидной задвижки НА (используется в алгоритме включения и отключения НА по программе пуска №2)";"T08";"с";"1800";"10";"10104";"1";"UST.twUMPNA2.T08";"УСТАВКИ МНА №12"
291;"МНА №2. Время нестационарного режима работы ЭД при пуске";"T09";"с";"300";"10";"10104";"1";"UST.twUMPNA2.T09";"УСТАВКИ МНА №12"
292;"МНА №2. Время, перед выдачей команды повторного отключения ВВ при невыполнении программы остановки";"T10";"с";"600";"10";"10104";"1";"UST.twUMPNA2.T10";"УСТАВКИ МНА №12"
293;"МНА №2. Контрольное время на выполнение процесса отключения ВВ НА";"T11";"с";"100";"10";"10104";"1";"UST.twUMPNA2.T11";"УСТАВКИ МНА №12"
294;"МНА №2. Время снижения силы тока ЭД после отключения ВВ НА";"T12";"с";"100";"10";"10104";"1";"UST.twUMPNA2.T12";"УСТАВКИ МНА №12"
295;"МНА №2. Время фильтрации сигналов цепей включения и отключения";"T13";"с";"100";"10";"10104";"1";"UST.twUMPNA2.T13";"УСТАВКИ МНА №12"
296;"МНА №2. Длительность нестационарного режима работы насоса";"T14";"с";"300";"10";"10104";"1";"UST.twUMPNA2.T14";"УСТАВКИ МНА №12"
297;"МНА №2. Задержка на снятие готовности по отсутствию напряжения 10кВ в двигательной ячейке";"T98";"с";"30";"10";"10104";"1";"UST.twUMPNA2.T98";"УСТАВКИ МНА №12"
298;"МНА №2. Задержка на снятие готовности по отсутствию напряжения в цепях управления агрегатных задвижек";"T99";"с";"30";"10";"10104";"1";"UST.twUMPNA2.T99";"УСТАВКИ МНА №12"
299;"МНА №3. Время на проверку корректности состояния цепей контроля ВВ НА";"T01";"с";"30";"10";"10105";"1";"UST.twUMPNA3.T01";"УСТАВКИ МНА №13"
300;"МНА №3. Время удержания команды «Включить ВВ», при получении включенного состояния ВВ";"T02";"с";"30";"10";"10105";"1";"UST.twUMPNA3.T02";"УСТАВКИ МНА №13"
301;"МНА №3. Максимальное время удержания команды «Отключить ВВ»";"T03";"с";"30";"10";"10105";"1";"UST.twUMPNA3.T03";"УСТАВКИ МНА №13"
302;"МНА №3. Время, до выдачи команды «Включить ВВ», необходимое для отработки исполнительного механизма САР во время работы рамповой функции";"T04";"с";"50";"10";"10105";"1";"UST.twUMPNA3.T04";"УСТАВКИ МНА №13"
303;"МНА №3. Время на открытие выкидной задвижки перед выдачей команды на включение НА по программе пуска №2";"T05";"с";"600";"10";"10105";"1";"UST.twUMPNA3.T05";"УСТАВКИ МНА №13"
304;"МНА №3. Контрольное время на выполнение процесса включение ВВ НА";"T06";"с";"100";"10";"10105";"1";"UST.twUMPNA3.T06";"УСТАВКИ МНА №13"
305;"МНА №3. Время подъема силы тока ЭД после включения ВВ НА";"T07";"с";"30";"10";"10105";"1";"UST.twUMPNA3.T07";"УСТАВКИ МНА №13"
306;"МНА №3. Время полного хода выкидной задвижки НА (используется в алгоритме включения и отключения НА по программе пуска №2)";"T08";"с";"1800";"10";"10105";"1";"UST.twUMPNA3.T08";"УСТАВКИ МНА №13"
307;"МНА №3. Время нестационарного режима работы ЭД при пуске";"T09";"с";"300";"10";"10105";"1";"UST.twUMPNA3.T09";"УСТАВКИ МНА №13"
308;"МНА №3. Время, перед выдачей команды повторного отключения ВВ при невыполнении программы остановки";"T10";"с";"600";"10";"10105";"1";"UST.twUMPNA3.T10";"УСТАВКИ МНА №13"
309;"МНА №3. Контрольное время на выполнение процесса отключения ВВ НА";"T11";"с";"100";"10";"10105";"1";"UST.twUMPNA3.T11";"УСТАВКИ МНА №13"
310;"МНА №3. Время снижения силы тока ЭД после отключения ВВ НА";"T12";"с";"100";"10";"10105";"1";"UST.twUMPNA3.T12";"УСТАВКИ МНА №13"
311;"МНА №3. Время фильтрации сигналов цепей включения и отключения";"T13";"с";"100";"10";"10105";"1";"UST.twUMPNA3.T13";"УСТАВКИ МНА №13"
312;"МНА №3. Длительность нестационарного режима работы насоса";"T14";"с";"300";"10";"10105";"1";"UST.twUMPNA3.T14";"УСТАВКИ МНА №13"
313;"МНА №3. Задержка на снятие готовности по отсутствию напряжения 10кВ в двигательной ячейке";"T98";"с";"30";"10";"10105";"1";"UST.twUMPNA3.T98";"УСТАВКИ МНА №13"
314;"МНА №3. Задержка на снятие готовности по отсутствию напряжения в цепях управления агрегатных задвижек";"T99";"с";"30";"10";"10105";"1";"UST.twUMPNA3.T99";"УСТАВКИ МНА №13"
315;"МНА №4. Время на проверку корректности состояния цепей контроля ВВ НА";"T01";"с";"30";"10";"10106";"1";"UST.twUMPNA4.T01";"УСТАВКИ МНА №14"
316;"МНА №4. Время удержания команды «Включить ВВ», при получении включенного состояния ВВ";"T02";"с";"30";"10";"10106";"1";"UST.twUMPNA4.T02";"УСТАВКИ МНА №14"
317;"МНА №4. Максимальное время удержания команды «Отключить ВВ»";"T03";"с";"30";"10";"10106";"1";"UST.twUMPNA4.T03";"УСТАВКИ МНА №14"
318;"МНА №4. Время, до выдачи команды «Включить ВВ», необходимое для отработки исполнительного механизма САР во время работы рамповой функции";"T04";"с";"50";"10";"10106";"1";"UST.twUMPNA4.T04";"УСТАВКИ МНА №14"
319;"МНА №4. Время на открытие выкидной задвижки перед выдачей команды на включение НА по программе пуска №2";"T05";"с";"600";"10";"10106";"1";"UST.twUMPNA4.T05";"УСТАВКИ МНА №14"
320;"МНА №4. Контрольное время на выполнение процесса включение ВВ НА";"T06";"с";"100";"10";"10106";"1";"UST.twUMPNA4.T06";"УСТАВКИ МНА №14"
321;"МНА №4. Время подъема силы тока ЭД после включения ВВ НА";"T07";"с";"30";"10";"10106";"1";"UST.twUMPNA4.T07";"УСТАВКИ МНА №14"
322;"МНА №4. Время полного хода выкидной задвижки НА (используется в алгоритме включения и отключения НА по программе пуска №2)";"T08";"с";"1800";"10";"10106";"1";"UST.twUMPNA4.T08";"УСТАВКИ МНА №14"
323;"МНА №4. Время нестационарного режима работы ЭД при пуске";"T09";"с";"300";"10";"10106";"1";"UST.twUMPNA4.T09";"УСТАВКИ МНА №14"
324;"МНА №4. Время, перед выдачей команды повторного отключения ВВ при невыполнении программы остановки";"T10";"с";"600";"10";"10106";"1";"UST.twUMPNA4.T10";"УСТАВКИ МНА №14"
325;"МНА №4. Контрольное время на выполнение процесса отключения ВВ НА";"T11";"с";"100";"10";"10106";"1";"UST.twUMPNA4.T11";"УСТАВКИ МНА №14"
326;"МНА №4. Время снижения силы тока ЭД после отключения ВВ НА";"T12";"с";"100";"10";"10106";"1";"UST.twUMPNA4.T12";"УСТАВКИ МНА №14"
327;"МНА №4. Время фильтрации сигналов цепей включения и отключения";"T13";"с";"100";"10";"10106";"1";"UST.twUMPNA4.T13";"УСТАВКИ МНА №14"
328;"МНА №4. Длительность нестационарного режима работы насоса";"T14";"с";"300";"10";"10106";"1";"UST.twUMPNA4.T14";"УСТАВКИ МНА №14"
329;"МНА №4. Задержка на снятие готовности по отсутствию напряжения 10кВ в двигательной ячейке";"T98";"с";"30";"10";"10106";"1";"UST.twUMPNA4.T98";"УСТАВКИ МНА №14"
330;"МНА №4. Задержка на снятие готовности по отсутствию напряжения в цепях управления агрегатных задвижек";"T99";"с";"30";"10";"10106";"1";"UST.twUMPNA4.T99";"УСТАВКИ МНА №14"
